{
  "weights": {
    "len": 1.1500000000000001,
    "lines": 0.6500000000000001,
    "structure": 0.6500000000000001,
    "assurance": 0.39999999999999997
  },
  "ts": "2025-08-26T11:10:23.374614"
}