{
  "weights": {
    "len": 1.2000000000000002,
    "lines": 0.7000000000000002,
    "structure": 0.7000000000000002,
    "assurance": 0.44999999999999996
  },
  "ts": "2025-08-26T19:58:10.863538"
}