{
  "weights": {
    "len": 1.1,
    "lines": 0.6000000000000001,
    "structure": 0.6000000000000001,
    "assurance": 0.35
  },
  "ts": "2025-08-26T10:32:30.944736"
}